{
  "control_losses": [
    5.375814368569041,
    5.255418593619819,
    5.137115584858805,
    5.019337813394642,
    4.90070282141465,
    4.780061582583355,
    4.6565377776816,
    4.529556412431544,
    4.398860629584228,
    4.264516038234083,
    4.126902381196126,
    3.986692866288427,
    3.8448219793718414,
    3.7024430563964614,
    3.5608773001751404,
    3.4215562688646433,
    3.285960123579653,
    3.1555540918111618,
    3.031725674621526,
    2.9157250961013745,
    2.80861136447433,
    2.7112060906710935,
    2.6240569010778643,
    2.5474118988189396,
    2.4812061876027633,
    2.425060991399379,
    2.378295401191798,
    2.3399502767685267,
    2.308823347063541,
    2.2835141062174267,
    2.26247671212321,
    2.2440787752971603,
    2.226663691193073,
    2.2086140279161013,
    2.1884134393167463,
    2.1647046323308414,
    2.1363410748296805,
    2.1024303798810893,
    2.0623676342449837,
    2.0158573399033104,
    1.9629230914685045,
    1.9039046013256886,
    1.8394421888463348,
    1.7704493498531666,
    1.6980744977905005,
    1.623653399813498,
    1.5486542020410698,
    1.474617233728681,
    1.4030919883280428,
    1.335573792009935
  ],
  "autopoietic_losses": [
    5.070384295482796,
    4.852371375392019,
    4.645097067624594,
    4.447737186725792,
    4.2595117050748765,
    4.079688639923262,
    3.9075875470743564,
    3.742582521472309,
    3.584104616405535,
    3.431643606200379,
    3.2847490319157697,
    3.143030485356114,
    3.006157103377964,
    2.8738562616396157,
    2.7459114742845983,
    2.6221595232092736,
    2.502486857194293,
    2.3868253169430598,
    2.2751472566486157,
    2.167460145808647,
    2.063800746361763,
    1.96422896959736,
    1.8688215245070845,
    1.7776654741527853,
    1.6908518191256006,
    1.6084692272141223,
    1.5305980259869731,
    1.4573045701772396,
    1.3886360886324978,
    1.3246161063110709,
    1.2652405255530321,
    1.2104744378636934,
    1.1602497229836912,
    1.1144634763789953,
    1.072977289785912,
    1.0356173924274654,
    1.0021756433260938,
    0.972411348124459,
    0.9460538573388149,
    0.9228058873444478,
    0.902347490949307,
    0.884340591445017,
    0.8684339827988802,
    0.8542686893955614,
    0.8414835716420692,
    0.8297210589595174,
    0.8186328892981471,
    0.8078857343773058,
    0.7971665923687314,
    0.786187834658766
  ],
  "current_epoch": 50,
  "timestamp": 1766371463.5782678
}